﻿<?xml version="1.0" encoding="utf-8" ?>
<customers>
  <customer>
    <id>ALFKI</id>
    <name>Alfreds Futterkiste</name>
    <address>Obere Str. 57</address>
    <city>Berlin</city>
    <postalcode>12209</postalcode>
    <country>Germany</country>
    <phone>030-0074321</phone>
    <fax>030-0076545</fax>
    <orders>
      <order>
        <id>10643</id>
        <orderdate>1997-08-25T00:00:00</orderdate>
        <total>814.50</total>
      </order>
      <order>
        <id>10692</id>
        <orderdate>1997-10-03T00:00:00</orderdate>
        <total>878.00</total>
      </order>
      <order>
        <id>10702</id>
        <orderdate>1997-10-13T00:00:00</orderdate>
        <total>330.00</total>
      </order>
      <order>
        <id>10835</id>
        <orderdate>1998-01-15T00:00:00</orderdate>
        <total>845.80</total>
      </order>
      <order>
        <id>10952</id>
        <orderdate>1998-03-16T00:00:00</orderdate>
        <total>471.20</total>
      </order>
      <order>
        <id>11011</id>
        <orderdate>1998-04-09T00:00:00</orderdate>
        <total>933.50</total>
      </order>
    </orders>
  </customer>
  <customer>
    <id>ANATR</id>
    <name>Ana Trujillo Emparedados y helados</name>
    <address>Avda. de la Constitución 2222</address>
    <city>México D.F.</city>
    <postalcode>05021</postalcode>
    <country>Mexico</country>
    <phone>(5) 555-4729</phone>
    <fax>(5) 555-3745</fax>
    <orders>
      <order>
        <id>10308</id>
        <orderdate>1996-09-18T00:00:00</orderdate>
        <total>88.80</total>
      </order>
      <order>
        <id>10625</id>
        <orderdate>1997-08-08T00:00:00</orderdate>
        <total>479.75</total>
      </order>
      <order>
        <id>10759</id>
        <orderdate>1997-11-28T00:00:00</orderdate>
        <total>320.00</total>
      </order>
      <order>
        <id>10926</id>
        <orderdate>1998-03-04T00:00:00</orderdate>
        <total>514.40</total>
      </order>
    </orders>
  </customer>
  <customer>
    <id>ANTON</id>
    <name>Antonio Moreno Taquería</name>
    <address>Mataderos  2312</address>
    <city>México D.F.</city>
    <postalcode>05023</postalcode>
    <country>Mexico</country>
    <phone>(5) 555-3932</phone>
    <orders>
      <order>
        <id>10365</id>
        <orderdate>1996-11-27T00:00:00</orderdate>
        <total>403.20</total>
      </order>
      <order>
        <id>10507</id>
        <orderdate>1997-04-15T00:00:00</orderdate>
        <total>749.06</total>
      </order>
      <order>
        <id>10535</id>
        <orderdate>1997-05-13T00:00:00</orderdate>
        <total>1940.85</total>
      </order>
      <order>
        <id>10573</id>
        <orderdate>1997-06-19T00:00:00</orderdate>
        <total>2082.00</total>
      </order>
      <order>
        <id>10677</id>
        <orderdate>1997-09-22T00:00:00</orderdate>
        <total>813.36</total>
      </order>
      <order>
        <id>10682</id>
        <orderdate>1997-09-25T00:00:00</orderdate>
        <total>375.50</total>
      </order>
      <order>
        <id>10856</id>
        <orderdate>1998-01-28T00:00:00</orderdate>
        <total>660.00</total>
      </order>
    </orders>
  </customer>
  <customer>
    <id>AROUT</id>
    <name>Around the Horn</name>
    <address>120 Hanover Sq.</address>
    <city>London</city>
    <postalcode>WA1 1DP</postalcode>
    <country>UK</country>
    <phone>(171) 555-7788</phone>
    <fax>(171) 555-6750</fax>
    <orders>
      <order>
        <id>10355</id>
        <orderdate>1996-11-15T00:00:00</orderdate>
        <total>480.00</total>
      </order>
      <order>
        <id>10383</id>
        <orderdate>1996-12-16T00:00:00</orderdate>
        <total>899.00</total>
      </order>
      <order>
        <id>10453</id>
        <orderdate>1997-02-21T00:00:00</orderdate>
        <total>407.70</total>
      </order>
      <order>
        <id>10558</id>
        <orderdate>1997-06-04T00:00:00</orderdate>
        <total>2142.90</total>
      </order>
      <order>
        <id>10707</id>
        <orderdate>1997-10-16T00:00:00</orderdate>
        <total>1641.00</total>
      </order>
      <order>
        <id>10741</id>
        <orderdate>1997-11-14T00:00:00</orderdate>
        <total>228.00</total>
      </order>
      <order>
        <id>10743</id>
        <orderdate>1997-11-17T00:00:00</orderdate>
        <total>319.20</total>
      </order>
      <order>
        <id>10768</id>
        <orderdate>1997-12-08T00:00:00</orderdate>
        <total>1477.00</total>
      </order>
      <order>
        <id>10793</id>
        <orderdate>1997-12-24T00:00:00</orderdate>
        <total>191.10</total>
      </order>
      <order>
        <id>10864</id>
        <orderdate>1998-02-02T00:00:00</orderdate>
        <total>282.00</total>
      </order>
      <order>
        <id>10920</id>
        <orderdate>1998-03-03T00:00:00</orderdate>
        <total>390.00</total>
      </order>
      <order>
        <id>10953</id>
        <orderdate>1998-03-16T00:00:00</orderdate>
        <total>4441.25</total>
      </order>
      <order>
        <id>11016</id>
        <orderdate>1998-04-10T00:00:00</orderdate>
        <total>491.50</total>
      </order>
    </orders>
  </customer>
  <customer>
    <id>BERGS</id>
    <name>Berglunds snabbköp</name>
    <address>Berguvsvägen  8</address>
    <city>Luleå</city>
    <postalcode>S-958 22</postalcode>
    <country>Sweden</country>
    <phone>0921-12 34 65</phone>
    <fax>0921-12 34 67</fax>
    <orders>
      <order>
        <id>10278</id>
        <orderdate>1996-08-12T00:00:00</orderdate>
        <total>1488.80</total>
      </order>
      <order>
        <id>10280</id>
        <orderdate>1996-08-14T00:00:00</orderdate>
        <total>613.20</total>
      </order>
      <order>
        <id>10384</id>
        <orderdate>1996-12-16T00:00:00</orderdate>
        <total>2222.40</total>
      </order>
      <order>
        <id>10444</id>
        <orderdate>1997-02-12T00:00:00</orderdate>
        <total>1031.70</total>
      </order>
      <order>
        <id>10445</id>
        <orderdate>1997-02-13T00:00:00</orderdate>
        <total>174.90</total>
      </order>
      <order>
        <id>10524</id>
        <orderdate>1997-05-01T00:00:00</orderdate>
        <total>3192.65</total>
      </order>
      <order>
        <id>10572</id>
        <orderdate>1997-06-18T00:00:00</orderdate>
        <total>1501.08</total>
      </order>
      <order>
        <id>10626</id>
        <orderdate>1997-08-11T00:00:00</orderdate>
        <total>1503.60</total>
      </order>
      <order>
        <id>10654</id>
        <orderdate>1997-09-02T00:00:00</orderdate>
        <total>601.83</total>
      </order>
      <order>
        <id>10672</id>
        <orderdate>1997-09-17T00:00:00</orderdate>
        <total>3815.25</total>
      </order>
      <order>
        <id>10689</id>
        <orderdate>1997-10-01T00:00:00</orderdate>
        <total>472.50</total>
      </order>
      <order>
        <id>10733</id>
        <orderdate>1997-11-07T00:00:00</orderdate>
        <total>1459.00</total>
      </order>
      <order>
        <id>10778</id>
        <orderdate>1997-12-16T00:00:00</orderdate>
        <total>96.50</total>
      </order>
      <order>
        <id>10837</id>
        <orderdate>1998-01-16T00:00:00</orderdate>
        <total>1064.50</total>
      </order>
      <order>
        <id>10857</id>
        <orderdate>1998-01-28T00:00:00</orderdate>
        <total>2048.21</total>
      </order>
      <order>
        <id>10866</id>
        <orderdate>1998-02-03T00:00:00</orderdate>
        <total>1096.20</total>
      </order>
      <order>
        <id>10875</id>
        <orderdate>1998-02-06T00:00:00</orderdate>
        <total>709.55</total>
      </order>
      <order>
        <id>10924</id>
        <orderdate>1998-03-04T00:00:00</orderdate>
        <total>1835.70</total>
      </order>
    </orders>
  </customer>
  <customer>
    <id>BLAUS</id>
    <name>Blauer See Delikatessen</name>
    <address>Forsterstr. 57</address>
    <city>Mannheim</city>
    <postalcode>68306</postalcode>
    <country>Germany</country>
    <phone>0621-08460</phone>
    <fax>0621-08924</fax>
    <orders>
      <order>
        <id>10501</id>
        <orderdate>1997-04-09T00:00:00</orderdate>
        <total>149.00</total>
      </order>
      <order>
        <id>10509</id>
        <orderdate>1997-04-17T00:00:00</orderdate>
        <total>136.80</total>
      </order>
      <order>
        <id>10582</id>
        <orderdate>1997-06-27T00:00:00</orderdate>
        <total>330.00</total>
      </order>
      <order>
        <id>10614</id>
        <orderdate>1997-07-29T00:00:00</orderdate>
        <total>464.00</total>
      </order>
      <order>
        <id>10853</id>
        <orderdate>1998-01-27T00:00:00</orderdate>
        <total>625.00</total>
      </order>
      <order>
        <id>10956</id>
        <orderdate>1998-03-17T00:00:00</orderdate>
        <total>677.00</total>
      </order>
      <order>
        <id>11058</id>
        <orderdate>1998-04-29T00:00:00</orderdate>
        <total>858.00</total>
      </order>
    </orders>
  </customer>
  <customer>
    <id>BLONP</id>
    <name>Blondel père et fils</name>
    <address>24, place Kléber</address>
    <city>Strasbourg</city>
    <postalcode>67000</postalcode>
    <country>France</country>
    <phone>88.60.15.31</phone>
    <fax>88.60.15.32</fax>
    <orders>
      <order>
        <id>10265</id>
        <orderdate>1996-07-25T00:00:00</orderdate>
        <total>1176.00</total>
      </order>
      <order>
        <id>10297</id>
        <orderdate>1996-09-04T00:00:00</orderdate>
        <total>1420.00</total>
      </order>
      <order>
        <id>10360</id>
        <orderdate>1996-11-22T00:00:00</orderdate>
        <total>7390.20</total>
      </order>
      <order>
        <id>10436</id>
        <orderdate>1997-02-05T00:00:00</orderdate>
        <total>1994.52</total>
      </order>
      <order>
        <id>10449</id>
        <orderdate>1997-02-18T00:00:00</orderdate>
        <total>1838.20</total>
      </order>
      <order>
        <id>10559</id>
        <orderdate>1997-06-05T00:00:00</orderdate>
        <total>520.41</total>
      </order>
      <order>
        <id>10566</id>
        <orderdate>1997-06-12T00:00:00</orderdate>
        <total>1761.00</total>
      </order>
      <order>
        <id>10584</id>
        <orderdate>1997-06-30T00:00:00</orderdate>
        <total>593.75</total>
      </order>
      <order>
        <id>10628</id>
        <orderdate>1997-08-12T00:00:00</orderdate>
        <total>450.00</total>
      </order>
      <order>
        <id>10679</id>
        <orderdate>1997-09-23T00:00:00</orderdate>
        <total>660.00</total>
      </order>
      <order>
        <id>10826</id>
        <orderdate>1998-01-12T00:00:00</orderdate>
        <total>730.00</total>
      </order>
    </orders>
  </customer>
  <customer>
    <id>BOLID</id>
    <name>Bólido Comidas preparadas</name>
    <address>C/ Araquil, 67</address>
    <city>Madrid</city>
    <postalcode>28023</postalcode>
    <country>Spain</country>
    <phone>(91) 555 22 82</phone>
    <fax>(91) 555 91 99</fax>
    <orders>
      <order>
        <id>10326</id>
        <orderdate>1996-10-10T00:00:00</orderdate>
        <total>982.00</total>
      </order>
      <order>
        <id>10801</id>
        <orderdate>1997-12-29T00:00:00</orderdate>
        <total>3026.85</total>
      </order>
      <order>
        <id>10970</id>
        <orderdate>1998-03-24T00:00:00</orderdate>
        <total>224.00</total>
      </order>
    </orders>
  </customer>
  <customer>
    <id>BONAP</id>
    <name>Bon app'</name>
    <address>12, rue des Bouchers</address>
    <city>Marseille</city>
    <postalcode>13008</postalcode>
    <country>France</country>
    <phone>91.24.45.40</phone>
    <fax>91.24.45.41</fax>
    <orders>
      <order>
        <id>10331</id>
        <orderdate>1996-10-16T00:00:00</orderdate>
        <total>88.50</total>
      </order>
      <order>
        <id>10340</id>
        <orderdate>1996-10-29T00:00:00</orderdate>
        <total>2436.18</total>
      </order>
      <order>
        <id>10362</id>
        <orderdate>1996-11-25T00:00:00</orderdate>
        <total>1549.60</total>
      </order>
      <order>
        <id>10470</id>
        <orderdate>1997-03-11T00:00:00</orderdate>
        <total>1820.80</total>
      </order>
      <order>
        <id>10511</id>
        <orderdate>1997-04-18T00:00:00</orderdate>
        <total>2550.00</total>
      </order>
      <order>
        <id>10525</id>
        <orderdate>1997-05-02T00:00:00</orderdate>
        <total>818.40</total>
      </order>
      <order>
        <id>10663</id>
        <orderdate>1997-09-10T00:00:00</orderdate>
        <total>1930.40</total>
      </order>
      <order>
        <id>10715</id>
        <orderdate>1997-10-23T00:00:00</orderdate>
        <total>1296.00</total>
      </order>
      <order>
        <id>10730</id>
        <orderdate>1997-11-05T00:00:00</orderdate>
        <total>484.26</total>
      </order>
      <order>
        <id>10732</id>
        <orderdate>1997-11-06T00:00:00</orderdate>
        <total>360.00</total>
      </order>
      <order>
        <id>10755</id>
        <orderdate>1997-11-26T00:00:00</orderdate>
        <total>1948.50</total>
      </order>
      <order>
        <id>10827</id>
        <orderdate>1998-01-12T00:00:00</orderdate>
        <total>843.00</total>
      </order>
      <order>
        <id>10871</id>
        <orderdate>1998-02-05T00:00:00</orderdate>
        <total>1979.23</total>
      </order>
      <order>
        <id>10876</id>
        <orderdate>1998-02-09T00:00:00</orderdate>
        <total>917.00</total>
      </order>
      <order>
        <id>10932</id>
        <orderdate>1998-03-06T00:00:00</orderdate>
        <total>1788.63</total>
      </order>
      <order>
        <id>10940</id>
        <orderdate>1998-03-11T00:00:00</orderdate>
        <total>360.00</total>
      </order>
      <order>
        <id>11076</id>
        <orderdate>1998-05-06T00:00:00</orderdate>
        <total>792.75</total>
      </order>
    </orders>
  </customer>
  <customer>
    <id>BOTTM</id>
    <name>Bottom-Dollar Markets</name>
    <address>23 Tsawassen Blvd.</address>
    <city>Tsawassen</city>
    <region>BC</region>
    <postalcode>T2F 8M4</postalcode>
    <country>Canada</country>
    <phone>(604) 555-4729</phone>
    <fax>(604) 555-3745</fax>
    <orders>
      <order>
        <id>10389</id>
        <orderdate>1996-12-20T00:00:00</orderdate>
        <total>1832.80</total>
      </order>
      <order>
        <id>10410</id>
        <orderdate>1997-01-10T00:00:00</orderdate>
        <total>802.00</total>
      </order>
      <order>
        <id>10411</id>
        <orderdate>1997-01-10T00:00:00</orderdate>
        <total>966.80</total>
      </order>
      <order>
        <id>10431</id>
        <orderdate>1997-01-30T00:00:00</orderdate>
        <total>1892.25</total>
      </order>
      <order>
        <id>10492</id>
        <orderdate>1997-04-01T00:00:00</orderdate>
        <total>851.20</total>
      </order>
      <order>
        <id>10742</id>
        <orderdate>1997-11-14T00:00:00</orderdate>
        <total>3118.00</total>
      </order>
      <order>
        <id>10918</id>
        <orderdate>1998-03-02T00:00:00</orderdate>
        <total>1447.50</total>
      </order>
      <order>
        <id>10944</id>
        <orderdate>1998-03-12T00:00:00</orderdate>
        <total>1025.32</total>
      </order>
      <order>
        <id>10949</id>
        <orderdate>1998-03-13T00:00:00</orderdate>
        <total>4422.00</total>
      </order>
      <order>
        <id>10975</id>
        <orderdate>1998-03-25T00:00:00</orderdate>
        <total>717.50</total>
      </order>
      <order>
        <id>10982</id>
        <orderdate>1998-03-27T00:00:00</orderdate>
        <total>1014.00</total>
      </order>
      <order>
        <id>11027</id>
        <orderdate>1998-04-16T00:00:00</orderdate>
        <total>877.72</total>
      </order>
      <order>
        <id>11045</id>
        <orderdate>1998-04-23T00:00:00</orderdate>
        <total>1309.50</total>
      </order>
      <order>
        <id>11048</id>
        <orderdate>1998-04-24T00:00:00</orderdate>
        <total>525.00</total>
      </order>
    </orders>
  </customer>
  <customer>
    <id>BSBEV</id>
    <name>B's Beverages</name>
    <address>Fauntleroy Circus</address>
    <city>London</city>
    <postalcode>EC2 5NT</postalcode>
    <country>UK</country>
    <phone>(171) 555-1212</phone>
    <orders>
      <order>
        <id>10289</id>
        <orderdate>1996-08-26T00:00:00</orderdate>
        <total>479.40</total>
      </order>
      <order>
        <id>10471</id>
        <orderdate>1997-03-11T00:00:00</orderdate>
        <total>1328.00</total>
      </order>
      <order>
        <id>10484</id>
        <orderdate>1997-03-24T00:00:00</orderdate>
        <total>386.20</total>
      </order>
      <order>
        <id>10538</id>
        <orderdate>1997-05-15T00:00:00</orderdate>
        <total>139.80</total>
      </order>
      <order>
        <id>10539</id>
        <orderdate>1997-05-16T00:00:00</orderdate>
        <total>355.50</total>
      </order>
      <order>
        <id>10578</id>
        <orderdate>1997-06-24T00:00:00</orderdate>
        <total>477.00</total>
      </order>
      <order>
        <id>10599</id>
        <orderdate>1997-07-15T00:00:00</orderdate>
        <total>493.00</total>
      </order>
      <order>
        <id>10943</id>
        <orderdate>1998-03-11T00:00:00</orderdate>
        <total>711.00</total>
      </order>
      <order>
        <id>10947</id>
        <orderdate>1998-03-13T00:00:00</orderdate>
        <total>220.00</total>
      </order>
      <order>
        <id>11023</id>
        <orderdate>1998-04-14T00:00:00</orderdate>
        <total>1500.00</total>
      </order>
    </orders>
  </customer>
  <customer>
    <id>CACTU</id>
    <name>Cactus Comidas para llevar</name>
    <address>Cerrito 333</address>
    <city>Buenos Aires</city>
    <postalcode>1010</postalcode>
    <country>Argentina</country>
    <phone>(1) 135-5555</phone>
    <fax>(1) 135-4892</fax>
    <orders>
      <order>
        <id>10521</id>
        <orderdate>1997-04-29T00:00:00</orderdate>
        <total>225.50</total>
      </order>
      <order>
        <id>10782</id>
        <orderdate>1997-12-17T00:00:00</orderdate>
        <total>12.50</total>
      </order>
      <order>
        <id>10819</id>
        <orderdate>1998-01-07T00:00:00</orderdate>
        <total>477.00</total>
      </order>
      <order>
        <id>10881</id>
        <orderdate>1998-02-11T00:00:00</orderdate>
        <total>150.00</total>
      </order>
      <order>
        <id>10937</id>
        <orderdate>1998-03-10T00:00:00</orderdate>
        <total>644.80</total>
      </order>
      <order>
        <id>11054</id>
        <orderdate>1998-04-28T00:00:00</orderdate>
        <total>305.00</total>
      </order>
    </orders>
  </customer>
  <customer>
    <id>CENTC</id>
    <name>Centro comercial Moctezuma</name>
    <address>Sierras de Granada 9993</address>
    <city>México D.F.</city>
    <postalcode>05022</postalcode>
    <country>Mexico</country>
    <phone>(5) 555-3392</phone>
    <fax>(5) 555-7293</fax>
    <orders>
      <order>
        <id>10259</id>
        <orderdate>1996-07-18T00:00:00</orderdate>
        <total>100.80</total>
      </order>
    </orders>
  </customer>
  <customer>
    <id>CHOPS</id>
    <name>Chop-suey Chinese</name>
    <address>Hauptstr. 29</address>
    <city>Bern</city>
    <postalcode>3012</postalcode>
    <country>Switzerland</country>
    <phone>0452-076545</phone>
    <orders>
      <order>
        <id>10254</id>
        <orderdate>1996-07-11T00:00:00</orderdate>
        <total>556.62</total>
      </order>
      <order>
        <id>10370</id>
        <orderdate>1996-12-03T00:00:00</orderdate>
        <total>1117.60</total>
      </order>
      <order>
        <id>10519</id>
        <orderdate>1997-04-28T00:00:00</orderdate>
        <total>2314.20</total>
      </order>
      <order>
        <id>10731</id>
        <orderdate>1997-11-06T00:00:00</orderdate>
        <total>1890.50</total>
      </order>
      <order>
        <id>10746</id>
        <orderdate>1997-11-19T00:00:00</orderdate>
        <total>2311.70</total>
      </order>
      <order>
        <id>10966</id>
        <orderdate>1998-03-20T00:00:00</orderdate>
        <total>1098.46</total>
      </order>
      <order>
        <id>11029</id>
        <orderdate>1998-04-16T00:00:00</orderdate>
        <total>1286.80</total>
      </order>
      <order>
        <id>11041</id>
        <orderdate>1998-04-22T00:00:00</orderdate>
        <total>1773.00</total>
      </order>
    </orders>
  </customer>
  <customer>
    <id>COMMI</id>
    <name>Comércio Mineiro</name>
    <address>Av. dos Lusíadas, 23</address>
    <city>São Paulo</city>
    <region>SP</region>
    <postalcode>05432-043</postalcode>
    <country>Brazil</country>
    <phone>(11) 555-7647</phone>
    <orders>
      <order>
        <id>10290</id>
        <orderdate>1996-08-27T00:00:00</orderdate>
        <total>2169.00</total>
      </order>
      <order>
        <id>10466</id>
        <orderdate>1997-03-06T00:00:00</orderdate>
        <total>216.00</total>
      </order>
      <order>
        <id>10494</id>
        <orderdate>1997-04-02T00:00:00</orderdate>
        <total>912.00</total>
      </order>
      <order>
        <id>10969</id>
        <orderdate>1998-03-23T00:00:00</orderdate>
        <total>108.00</total>
      </order>
      <order>
        <id>11042</id>
        <orderdate>1998-04-22T00:00:00</orderdate>
        <total>405.75</total>
      </order>
    </orders>
  </customer>
  <customer>
    <id>CONSH</id>
    <name>Consolidated Holdings</name>
    <address>Berkeley Gardens, 12 Brewery </address>
    <city>London</city>
    <postalcode>WX1 6LT</postalcode>
    <country>UK</country>
    <phone>(171) 555-2282</phone>
    <fax>(171) 555-9199</fax>
    <orders>
      <order>
        <id>10435</id>
        <orderdate>1997-02-04T00:00:00</orderdate>
        <total>631.60</total>
      </order>
      <order>
        <id>10462</id>
        <orderdate>1997-03-03T00:00:00</orderdate>
        <total>156.00</total>
      </order>
      <order>
        <id>10848</id>
        <orderdate>1998-01-23T00:00:00</orderdate>
        <total>931.50</total>
      </order>
    </orders>
  </customer>
  <customer>
    <id>DRACD</id>
    <name>Drachenblut Delikatessen</name>
    <address>Walserweg 21</address>
    <city>Aachen</city>
    <postalcode>52066</postalcode>
    <country>Germany</country>
    <phone>0241-039123</phone>
    <fax>0241-059428</fax>
    <orders>
      <order>
        <id>10363</id>
        <orderdate>1996-11-26T00:00:00</orderdate>
        <total>447.20</total>
      </order>
      <order>
        <id>10391</id>
        <orderdate>1996-12-23T00:00:00</orderdate>
        <total>86.40</total>
      </order>
      <order>
        <id>10797</id>
        <orderdate>1997-12-25T00:00:00</orderdate>
        <total>420.00</total>
      </order>
      <order>
        <id>10825</id>
        <orderdate>1998-01-09T00:00:00</orderdate>
        <total>1030.76</total>
      </order>
      <order>
        <id>11036</id>
        <orderdate>1998-04-20T00:00:00</orderdate>
        <total>1692.00</total>
      </order>
      <order>
        <id>11067</id>
        <orderdate>1998-05-04T00:00:00</orderdate>
        <total>86.85</total>
      </order>
    </orders>
  </customer>
  <customer>
    <id>DUMON</id>
    <name>Du monde entier</name>
    <address>67, rue des Cinquante Otages</address>
    <city>Nantes</city>
    <postalcode>44000</postalcode>
    <country>France</country>
    <phone>40.67.88.88</phone>
    <fax>40.67.89.89</fax>
    <orders>
      <order>
        <id>10311</id>
        <orderdate>1996-09-20T00:00:00</orderdate>
        <total>268.80</total>
      </order>
      <order>
        <id>10609</id>
        <orderdate>1997-07-24T00:00:00</orderdate>
        <total>424.00</total>
      </order>
      <order>
        <id>10683</id>
        <orderdate>1997-09-26T00:00:00</orderdate>
        <total>63.00</total>
      </order>
      <order>
        <id>10890</id>
        <orderdate>1998-02-16T00:00:00</orderdate>
        <total>860.10</total>
      </order>
    </orders>
  </customer>
  <customer>
    <id>EASTC</id>
    <name>Eastern Connection</name>
    <address>35 King George</address>
    <city>London</city>
    <postalcode>WX3 6FW</postalcode>
    <country>UK</country>
    <phone>(171) 555-0297</phone>
    <fax>(171) 555-3373</fax>
    <orders>
      <order>
        <id>10364</id>
        <orderdate>1996-11-26T00:00:00</orderdate>
        <total>950.00</total>
      </order>
      <order>
        <id>10400</id>
        <orderdate>1997-01-01T00:00:00</orderdate>
        <total>3063.00</total>
      </order>
      <order>
        <id>10532</id>
        <orderdate>1997-05-09T00:00:00</orderdate>
        <total>796.35</total>
      </order>
      <order>
        <id>10726</id>
        <orderdate>1997-11-03T00:00:00</orderdate>
        <total>655.00</total>
      </order>
      <order>
        <id>10987</id>
        <orderdate>1998-03-31T00:00:00</orderdate>
        <total>2772.00</total>
      </order>
      <order>
        <id>11024</id>
        <orderdate>1998-04-15T00:00:00</orderdate>
        <total>1966.81</total>
      </order>
      <order>
        <id>11047</id>
        <orderdate>1998-04-24T00:00:00</orderdate>
        <total>817.88</total>
      </order>
      <order>
        <id>11056</id>
        <orderdate>1998-04-28T00:00:00</orderdate>
        <total>3740.00</total>
      </order>
    </orders>
  </customer>
  <customer>
    <id>ERNSH</id>
    <name>Ernst Handel</name>
    <address>Kirchgasse 6</address>
    <city>Graz</city>
    <postalcode>8010</postalcode>
    <country>Austria</country>
    <phone>7675-3425</phone>
    <fax>7675-3426</fax>
    <orders>
      <order>
        <id>10258</id>
        <orderdate>1996-07-17T00:00:00</orderdate>
        <total>1614.88</total>
      </order>
      <order>
        <id>10263</id>
        <orderdate>1996-07-23T00:00:00</orderdate>
        <total>1873.80</total>
      </order>
      <order>
        <id>10351</id>
        <orderdate>1996-11-11T00:00:00</orderdate>
        <total>5398.72</total>
      </order>
      <order>
        <id>10368</id>
        <orderdate>1996-11-29T00:00:00</orderdate>
        <total>1689.78</total>
      </order>
      <order>
        <id>10382</id>
        <orderdate>1996-12-13T00:00:00</orderdate>
        <total>2900.00</total>
      </order>
      <order>
        <id>10390</id>
        <orderdate>1996-12-23T00:00:00</orderdate>
        <total>2090.88</total>
      </order>
      <order>
        <id>10402</id>
        <orderdate>1997-01-02T00:00:00</orderdate>
        <total>2713.50</total>
      </order>
      <order>
        <id>10403</id>
        <orderdate>1997-01-03T00:00:00</orderdate>
        <total>855.02</total>
      </order>
      <order>
        <id>10430</id>
        <orderdate>1997-01-30T00:00:00</orderdate>
        <total>4899.20</total>
      </order>
      <order>
        <id>10442</id>
        <orderdate>1997-02-11T00:00:00</orderdate>
        <total>1792.00</total>
      </order>
      <order>
        <id>10514</id>
        <orderdate>1997-04-22T00:00:00</orderdate>
        <total>8623.45</total>
      </order>
      <order>
        <id>10571</id>
        <orderdate>1997-06-17T00:00:00</orderdate>
        <total>550.59</total>
      </order>
      <order>
        <id>10595</id>
        <orderdate>1997-07-10T00:00:00</orderdate>
        <total>4725.00</total>
      </order>
      <order>
        <id>10633</id>
        <orderdate>1997-08-15T00:00:00</orderdate>
        <total>5510.59</total>
      </order>
      <order>
        <id>10667</id>
        <orderdate>1997-09-12T00:00:00</orderdate>
        <total>1536.80</total>
      </order>
      <order>
        <id>10698</id>
        <orderdate>1997-10-09T00:00:00</orderdate>
        <total>3436.44</total>
      </order>
      <order>
        <id>10764</id>
        <orderdate>1997-12-03T00:00:00</orderdate>
        <total>2286.00</total>
      </order>
      <order>
        <id>10771</id>
        <orderdate>1997-12-10T00:00:00</orderdate>
        <total>344.00</total>
      </order>
      <order>
        <id>10773</id>
        <orderdate>1997-12-11T00:00:00</orderdate>
        <total>2030.40</total>
      </order>
      <order>
        <id>10776</id>
        <orderdate>1997-12-15T00:00:00</orderdate>
        <total>6635.28</total>
      </order>
      <order>
        <id>10795</id>
        <orderdate>1997-12-24T00:00:00</orderdate>
        <total>2158.00</total>
      </order>
      <order>
        <id>10836</id>
        <orderdate>1998-01-16T00:00:00</orderdate>
        <total>4705.50</total>
      </order>
      <order>
        <id>10854</id>
        <orderdate>1998-01-27T00:00:00</orderdate>
        <total>2966.50</total>
      </order>
      <order>
        <id>10895</id>
        <orderdate>1998-02-18T00:00:00</orderdate>
        <total>6379.40</total>
      </order>
      <order>
        <id>10968</id>
        <orderdate>1998-03-23T00:00:00</orderdate>
        <total>1408.00</total>
      </order>
      <order>
        <id>10979</id>
        <orderdate>1998-03-26T00:00:00</orderdate>
        <total>4813.50</total>
      </order>
      <order>
        <id>10990</id>
        <orderdate>1998-04-01T00:00:00</orderdate>
        <total>4288.85</total>
      </order>
      <order>
        <id>11008</id>
        <orderdate>1998-04-08T00:00:00</orderdate>
        <total>4680.90</total>
      </order>
      <order>
        <id>11017</id>
        <orderdate>1998-04-13T00:00:00</orderdate>
        <total>6750.00</total>
      </order>
      <order>
        <id>11072</id>
        <orderdate>1998-05-05T00:00:00</orderdate>
        <total>5218.00</total>
      </order>
    </orders>
  </customer>
  <customer>
    <id>FAMIA</id>
    <name>Familia Arquibaldo</name>
    <address>Rua Orós, 92</address>
    <city>São Paulo</city>
    <region>SP</region>
    <postalcode>05442-030</postalcode>
    <country>Brazil</country>
    <phone>(11) 555-9857</phone>
    <orders>
      <order>
        <id>10347</id>
        <orderdate>1996-11-06T00:00:00</orderdate>
        <total>814.42</total>
      </order>
      <order>
        <id>10386</id>
        <orderdate>1996-12-18T00:00:00</orderdate>
        <total>166.00</total>
      </order>
      <order>
        <id>10414</id>
        <orderdate>1997-01-14T00:00:00</orderdate>
        <total>224.83</total>
      </order>
      <order>
        <id>10512</id>
        <orderdate>1997-04-21T00:00:00</orderdate>
        <total>525.30</total>
      </order>
      <order>
        <id>10581</id>
        <orderdate>1997-06-26T00:00:00</orderdate>
        <total>310.00</total>
      </order>
      <order>
        <id>10650</id>
        <orderdate>1997-08-29T00:00:00</orderdate>
        <total>1779.20</total>
      </order>
      <order>
        <id>10725</id>
        <orderdate>1997-10-31T00:00:00</orderdate>
        <total>287.80</total>
      </order>
    </orders>
  </customer>
  <customer>
    <id>FISSA</id>
    <name>FISSA Fabrica Inter. Salchichas S.A.</name>
    <address>C/ Moralzarzal, 86</address>
    <city>Madrid</city>
    <postalcode>28034</postalcode>
    <country>Spain</country>
    <phone>(91) 555 94 44</phone>
    <fax>(91) 555 55 93</fax>
    <orders />
  </customer>
  <customer>
    <id>FOLIG</id>
    <name>Folies gourmandes</name>
    <address>184, chaussée de Tournai</address>
    <city>Lille</city>
    <postalcode>59000</postalcode>
    <country>France</country>
    <phone>20.16.10.16</phone>
    <fax>20.16.10.17</fax>
    <orders>
      <order>
        <id>10408</id>
        <orderdate>1997-01-08T00:00:00</orderdate>
        <total>1622.40</total>
      </order>
      <order>
        <id>10480</id>
        <orderdate>1997-03-20T00:00:00</orderdate>
        <total>756.00</total>
      </order>
      <order>
        <id>10634</id>
        <orderdate>1997-08-15T00:00:00</orderdate>
        <total>4985.50</total>
      </order>
      <order>
        <id>10763</id>
        <orderdate>1997-12-03T00:00:00</orderdate>
        <total>616.00</total>
      </order>
      <order>
        <id>10789</id>
        <orderdate>1997-12-22T00:00:00</orderdate>
        <total>3687.00</total>
      </order>
    </orders>
  </customer>
  <customer>
    <id>FOLKO</id>
    <name>Folk och fä HB</name>
    <address>Åkergatan 24</address>
    <city>Bräcke</city>
    <postalcode>S-844 67</postalcode>
    <country>Sweden</country>
    <phone>0695-34 67 21</phone>
    <orders>
      <order>
        <id>10264</id>
        <orderdate>1996-07-24T00:00:00</orderdate>
        <total>695.62</total>
      </order>
      <order>
        <id>10327</id>
        <orderdate>1996-10-11T00:00:00</orderdate>
        <total>1810.00</total>
      </order>
      <order>
        <id>10378</id>
        <orderdate>1996-12-10T00:00:00</orderdate>
        <total>103.20</total>
      </order>
      <order>
        <id>10434</id>
        <orderdate>1997-02-03T00:00:00</orderdate>
        <total>321.12</total>
      </order>
      <order>
        <id>10460</id>
        <orderdate>1997-02-28T00:00:00</orderdate>
        <total>176.10</total>
      </order>
      <order>
        <id>10533</id>
        <orderdate>1997-05-12T00:00:00</orderdate>
        <total>2222.20</total>
      </order>
      <order>
        <id>10561</id>
        <orderdate>1997-06-06T00:00:00</orderdate>
        <total>2844.50</total>
      </order>
      <order>
        <id>10703</id>
        <orderdate>1997-10-14T00:00:00</orderdate>
        <total>2545.00</total>
      </order>
      <order>
        <id>10762</id>
        <orderdate>1997-12-02T00:00:00</orderdate>
        <total>4337.00</total>
      </order>
      <order>
        <id>10774</id>
        <orderdate>1997-12-11T00:00:00</orderdate>
        <total>868.75</total>
      </order>
      <order>
        <id>10824</id>
        <orderdate>1998-01-09T00:00:00</orderdate>
        <total>250.80</total>
      </order>
      <order>
        <id>10880</id>
        <orderdate>1998-02-10T00:00:00</orderdate>
        <total>1500.00</total>
      </order>
      <order>
        <id>10902</id>
        <orderdate>1998-02-23T00:00:00</orderdate>
        <total>863.43</total>
      </order>
      <order>
        <id>10955</id>
        <orderdate>1998-03-17T00:00:00</orderdate>
        <total>74.40</total>
      </order>
      <order>
        <id>10977</id>
        <orderdate>1998-03-26T00:00:00</orderdate>
        <total>2233.00</total>
      </order>
      <order>
        <id>10980</id>
        <orderdate>1998-03-27T00:00:00</orderdate>
        <total>248.00</total>
      </order>
      <order>
        <id>10993</id>
        <orderdate>1998-04-01T00:00:00</orderdate>
        <total>4895.44</total>
      </order>
      <order>
        <id>11001</id>
        <orderdate>1998-04-06T00:00:00</orderdate>
        <total>2769.00</total>
      </order>
      <order>
        <id>11050</id>
        <orderdate>1998-04-27T00:00:00</orderdate>
        <total>810.00</total>
      </order>
    </orders>
  </customer>
  <customer>
    <id>FRANK</id>
    <name>Frankenversand</name>
    <address>Berliner Platz 43</address>
    <city>München</city>
    <postalcode>80805</postalcode>
    <country>Germany</country>
    <phone>089-0877310</phone>
    <fax>089-0877451</fax>
    <orders>
      <order>
        <id>10267</id>
        <orderdate>1996-07-29T00:00:00</orderdate>
        <total>3536.60</total>
      </order>
      <order>
        <id>10337</id>
        <orderdate>1996-10-24T00:00:00</orderdate>
        <total>2467.00</total>
      </order>
      <order>
        <id>10342</id>
        <orderdate>1996-10-30T00:00:00</orderdate>
        <total>1840.64</total>
      </order>
      <order>
        <id>10396</id>
        <orderdate>1996-12-27T00:00:00</orderdate>
        <total>1903.80</total>
      </order>
      <order>
        <id>10488</id>
        <orderdate>1997-03-27T00:00:00</orderdate>
        <total>1512.00</total>
      </order>
      <order>
        <id>10560</id>
        <orderdate>1997-06-06T00:00:00</orderdate>
        <total>1072.42</total>
      </order>
      <order>
        <id>10623</id>
        <orderdate>1997-08-07T00:00:00</orderdate>
        <total>1336.95</total>
      </order>
      <order>
        <id>10653</id>
        <orderdate>1997-09-02T00:00:00</orderdate>
        <total>1083.15</total>
      </order>
      <order>
        <id>10670</id>
        <orderdate>1997-09-16T00:00:00</orderdate>
        <total>2301.75</total>
      </order>
      <order>
        <id>10675</id>
        <orderdate>1997-09-19T00:00:00</orderdate>
        <total>1423.00</total>
      </order>
      <order>
        <id>10717</id>
        <orderdate>1997-10-24T00:00:00</orderdate>
        <total>1270.75</total>
      </order>
      <order>
        <id>10791</id>
        <orderdate>1997-12-23T00:00:00</orderdate>
        <total>1829.76</total>
      </order>
      <order>
        <id>10859</id>
        <orderdate>1998-01-29T00:00:00</orderdate>
        <total>1078.69</total>
      </order>
      <order>
        <id>10929</id>
        <orderdate>1998-03-05T00:00:00</orderdate>
        <total>1174.75</total>
      </order>
      <order>
        <id>11012</id>
        <orderdate>1998-04-09T00:00:00</orderdate>
        <total>2825.30</total>
      </order>
    </orders>
  </customer>
  <customer>
    <id>FRANR</id>
    <name>France restauration</name>
    <address>54, rue Royale</address>
    <city>Nantes</city>
    <postalcode>44000</postalcode>
    <country>France</country>
    <phone>40.32.21.21</phone>
    <fax>40.32.21.20</fax>
    <orders>
      <order>
        <id>10671</id>
        <orderdate>1997-09-17T00:00:00</orderdate>
        <total>920.10</total>
      </order>
      <order>
        <id>10860</id>
        <orderdate>1998-01-29T00:00:00</orderdate>
        <total>519.00</total>
      </order>
      <order>
        <id>10971</id>
        <orderdate>1998-03-24T00:00:00</orderdate>
        <total>1733.06</total>
      </order>
    </orders>
  </customer>
  <customer>
    <id>FRANS</id>
    <name>Franchi S.p.A.</name>
    <address>Via Monte Bianco 34</address>
    <city>Torino</city>
    <postalcode>10100</postalcode>
    <country>Italy</country>
    <phone>011-4988260</phone>
    <fax>011-4988261</fax>
    <orders>
      <order>
        <id>10422</id>
        <orderdate>1997-01-22T00:00:00</orderdate>
        <total>49.80</total>
      </order>
      <order>
        <id>10710</id>
        <orderdate>1997-10-20T00:00:00</orderdate>
        <total>93.50</total>
      </order>
      <order>
        <id>10753</id>
        <orderdate>1997-11-25T00:00:00</orderdate>
        <total>88.00</total>
      </order>
      <order>
        <id>10807</id>
        <orderdate>1997-12-31T00:00:00</orderdate>
        <total>18.40</total>
      </order>
      <order>
        <id>11026</id>
        <orderdate>1998-04-15T00:00:00</orderdate>
        <total>1030.00</total>
      </order>
      <order>
        <id>11060</id>
        <orderdate>1998-04-30T00:00:00</orderdate>
        <total>266.00</total>
      </order>
    </orders>
  </customer>
  <customer>
    <id>FURIB</id>
    <name>Furia Bacalhau e Frutos do Mar</name>
    <address>Jardim das rosas n. 32</address>
    <city>Lisboa</city>
    <postalcode>1675</postalcode>
    <country>Portugal</country>
    <phone>(1) 354-2534</phone>
    <fax>(1) 354-2535</fax>
    <orders>
      <order>
        <id>10328</id>
        <orderdate>1996-10-14T00:00:00</orderdate>
        <total>1168.00</total>
      </order>
      <order>
        <id>10352</id>
        <orderdate>1996-11-12T00:00:00</orderdate>
        <total>136.30</total>
      </order>
      <order>
        <id>10464</id>
        <orderdate>1997-03-04T00:00:00</orderdate>
        <total>1609.28</total>
      </order>
      <order>
        <id>10491</id>
        <orderdate>1997-03-31T00:00:00</orderdate>
        <total>259.50</total>
      </order>
      <order>
        <id>10551</id>
        <orderdate>1997-05-28T00:00:00</orderdate>
        <total>1677.30</total>
      </order>
      <order>
        <id>10604</id>
        <orderdate>1997-07-18T00:00:00</orderdate>
        <total>230.85</total>
      </order>
      <order>
        <id>10664</id>
        <orderdate>1997-09-10T00:00:00</orderdate>
        <total>1288.39</total>
      </order>
      <order>
        <id>10963</id>
        <orderdate>1998-03-19T00:00:00</orderdate>
        <total>57.80</total>
      </order>
    </orders>
  </customer>
  <customer>
    <id>GALED</id>
    <name>Galería del gastrónomo</name>
    <address>Rambla de Cataluña, 23</address>
    <city>Barcelona</city>
    <postalcode>08022</postalcode>
    <country>Spain</country>
    <phone>(93) 203 4560</phone>
    <fax>(93) 203 4561</fax>
    <orders>
      <order>
        <id>10366</id>
        <orderdate>1996-11-28T00:00:00</orderdate>
        <total>136.00</total>
      </order>
      <order>
        <id>10426</id>
        <orderdate>1997-01-27T00:00:00</orderdate>
        <total>338.20</total>
      </order>
      <order>
        <id>10568</id>
        <orderdate>1997-06-13T00:00:00</orderdate>
        <total>155.00</total>
      </order>
      <order>
        <id>10887</id>
        <orderdate>1998-02-13T00:00:00</orderdate>
        <total>70.00</total>
      </order>
      <order>
        <id>10928</id>
        <orderdate>1998-03-05T00:00:00</orderdate>
        <total>137.50</total>
      </order>
    </orders>
  </customer>
  <customer>
    <id>GODOS</id>
    <name>Godos Cocina Típica</name>
    <address>C/ Romero, 33</address>
    <city>Sevilla</city>
    <postalcode>41101</postalcode>
    <country>Spain</country>
    <phone>(95) 555 82 82</phone>
    <orders>
      <order>
        <id>10303</id>
        <orderdate>1996-09-11T00:00:00</orderdate>
        <total>1117.80</total>
      </order>
      <order>
        <id>10550</id>
        <orderdate>1997-05-28T00:00:00</orderdate>
        <total>683.30</total>
      </order>
      <order>
        <id>10629</id>
        <orderdate>1997-08-12T00:00:00</orderdate>
        <total>2775.05</total>
      </order>
      <order>
        <id>10872</id>
        <orderdate>1998-02-05T00:00:00</orderdate>
        <total>2058.46</total>
      </order>
      <order>
        <id>10874</id>
        <orderdate>1998-02-06T00:00:00</orderdate>
        <total>310.00</total>
      </order>
      <order>
        <id>10888</id>
        <orderdate>1998-02-16T00:00:00</orderdate>
        <total>605.00</total>
      </order>
      <order>
        <id>10911</id>
        <orderdate>1998-02-26T00:00:00</orderdate>
        <total>858.00</total>
      </order>
      <order>
        <id>10948</id>
        <orderdate>1998-03-13T00:00:00</orderdate>
        <total>2362.25</total>
      </order>
      <order>
        <id>11009</id>
        <orderdate>1998-04-08T00:00:00</orderdate>
        <total>616.50</total>
      </order>
      <order>
        <id>11037</id>
        <orderdate>1998-04-21T00:00:00</orderdate>
        <total>60.00</total>
      </order>
    </orders>
  </customer>
  <customer>
    <id>GOURL</id>
    <name>Gourmet Lanchonetes</name>
    <address>Av. Brasil, 442</address>
    <city>Campinas</city>
    <region>SP</region>
    <postalcode>04876-786</postalcode>
    <country>Brazil</country>
    <phone>(11) 555-9482</phone>
    <orders>
      <order>
        <id>10423</id>
        <orderdate>1997-01-23T00:00:00</orderdate>
        <total>1020.00</total>
      </order>
      <order>
        <id>10652</id>
        <orderdate>1997-09-01T00:00:00</orderdate>
        <total>318.84</total>
      </order>
      <order>
        <id>10685</id>
        <orderdate>1997-09-29T00:00:00</orderdate>
        <total>801.10</total>
      </order>
      <order>
        <id>10709</id>
        <orderdate>1997-10-17T00:00:00</orderdate>
        <total>3424.00</total>
      </order>
      <order>
        <id>10734</id>
        <orderdate>1997-11-07T00:00:00</orderdate>
        <total>1498.35</total>
      </order>
      <order>
        <id>10777</id>
        <orderdate>1997-12-15T00:00:00</orderdate>
        <total>224.00</total>
      </order>
      <order>
        <id>10790</id>
        <orderdate>1997-12-22T00:00:00</orderdate>
        <total>722.50</total>
      </order>
      <order>
        <id>10959</id>
        <orderdate>1998-03-18T00:00:00</orderdate>
        <total>131.75</total>
      </order>
      <order>
        <id>11049</id>
        <orderdate>1998-04-24T00:00:00</orderdate>
        <total>273.60</total>
      </order>
    </orders>
  </customer>
  <customer>
    <id>GREAL</id>
    <name>Great Lakes Food Market</name>
    <address>2732 Baker Blvd.</address>
    <city>Eugene</city>
    <region>OR</region>
    <postalcode>97403</postalcode>
    <country>USA</country>
    <phone>(503) 555-7555</phone>
    <orders>
      <order>
        <id>10528</id>
        <orderdate>1997-05-06T00:00:00</orderdate>
        <total>392.20</total>
      </order>
      <order>
        <id>10589</id>
        <orderdate>1997-07-04T00:00:00</orderdate>
        <total>72.00</total>
      </order>
      <order>
        <id>10616</id>
        <orderdate>1997-07-31T00:00:00</orderdate>
        <total>4807.00</total>
      </order>
      <order>
        <id>10617</id>
        <orderdate>1997-07-31T00:00:00</orderdate>
        <total>1402.50</total>
      </order>
      <order>
        <id>10656</id>
        <orderdate>1997-09-04T00:00:00</orderdate>
        <total>604.22</total>
      </order>
      <order>
        <id>10681</id>
        <orderdate>1997-09-25T00:00:00</orderdate>
        <total>1287.40</total>
      </order>
      <order>
        <id>10816</id>
        <orderdate>1998-01-06T00:00:00</orderdate>
        <total>8446.45</total>
      </order>
      <order>
        <id>10936</id>
        <orderdate>1998-03-09T00:00:00</orderdate>
        <total>456.00</total>
      </order>
      <order>
        <id>11006</id>
        <orderdate>1998-04-07T00:00:00</orderdate>
        <total>329.68</total>
      </order>
      <order>
        <id>11040</id>
        <orderdate>1998-04-22T00:00:00</orderdate>
        <total>200.00</total>
      </order>
      <order>
        <id>11061</id>
        <orderdate>1998-04-30T00:00:00</orderdate>
        <total>510.00</total>
      </order>
    </orders>
  </customer>
  <customer>
    <id>GROSR</id>
    <name>GROSELLA-Restaurante</name>
    <address>5ª Ave. Los Palos Grandes</address>
    <city>Caracas</city>
    <region>DF</region>
    <postalcode>1081</postalcode>
    <country>Venezuela</country>
    <phone>(2) 283-2951</phone>
    <fax>(2) 283-3397</fax>
    <orders>
      <order>
        <id>10268</id>
        <orderdate>1996-07-30T00:00:00</orderdate>
        <total>1101.20</total>
      </order>
      <order>
        <id>10785</id>
        <orderdate>1997-12-18T00:00:00</orderdate>
        <total>387.50</total>
      </order>
    </orders>
  </customer>
  <customer>
    <id>HANAR</id>
    <name>Hanari Carnes</name>
    <address>Rua do Paço, 67</address>
    <city>Rio de Janeiro</city>
    <region>RJ</region>
    <postalcode>05454-876</postalcode>
    <country>Brazil</country>
    <phone>(21) 555-0091</phone>
    <fax>(21) 555-8765</fax>
    <orders>
      <order>
        <id>10250</id>
        <orderdate>1996-07-08T00:00:00</orderdate>
        <total>1552.60</total>
      </order>
      <order>
        <id>10253</id>
        <orderdate>1996-07-10T00:00:00</orderdate>
        <total>1444.80</total>
      </order>
      <order>
        <id>10541</id>
        <orderdate>1997-05-19T00:00:00</orderdate>
        <total>1946.52</total>
      </order>
      <order>
        <id>10645</id>
        <orderdate>1997-08-26T00:00:00</orderdate>
        <total>1535.00</total>
      </order>
      <order>
        <id>10690</id>
        <orderdate>1997-10-02T00:00:00</orderdate>
        <total>862.50</total>
      </order>
      <order>
        <id>10770</id>
        <orderdate>1997-12-09T00:00:00</orderdate>
        <total>236.25</total>
      </order>
      <order>
        <id>10783</id>
        <orderdate>1997-12-18T00:00:00</orderdate>
        <total>1442.50</total>
      </order>
      <order>
        <id>10886</id>
        <orderdate>1998-02-13T00:00:00</orderdate>
        <total>3127.50</total>
      </order>
      <order>
        <id>10903</id>
        <orderdate>1998-02-24T00:00:00</orderdate>
        <total>932.05</total>
      </order>
      <order>
        <id>10922</id>
        <orderdate>1998-03-03T00:00:00</orderdate>
        <total>742.50</total>
      </order>
      <order>
        <id>10925</id>
        <orderdate>1998-03-04T00:00:00</orderdate>
        <total>475.15</total>
      </order>
      <order>
        <id>10981</id>
        <orderdate>1998-03-27T00:00:00</orderdate>
        <total>15810.00</total>
      </order>
      <order>
        <id>11022</id>
        <orderdate>1998-04-14T00:00:00</orderdate>
        <total>1402.00</total>
      </order>
      <order>
        <id>11052</id>
        <orderdate>1998-04-27T00:00:00</orderdate>
        <total>1332.00</total>
      </order>
    </orders>
  </customer>
  <customer>
    <id>HILAA</id>
    <name>HILARIÓN-Abastos</name>
    <address>Carrera 22 con Ave. Carlos Soublette #8-35</address>
    <city>San Cristóbal</city>
    <region>Táchira</region>
    <postalcode>5022</postalcode>
    <country>Venezuela</country>
    <phone>(5) 555-1340</phone>
    <fax>(5) 555-1948</fax>
    <orders>
      <order>
        <id>10257</id>
        <orderdate>1996-07-16T00:00:00</orderdate>
        <total>1119.90</total>
      </order>
      <order>
        <id>10395</id>
        <orderdate>1996-12-26T00:00:00</orderdate>
        <total>2122.92</total>
      </order>
      <order>
        <id>10476</id>
        <orderdate>1997-03-17T00:00:00</orderdate>
        <total>180.48</total>
      </order>
      <order>
        <id>10486</id>
        <orderdate>1997-03-26T00:00:00</orderdate>
        <total>1272.00</total>
      </order>
      <order>
        <id>10490</id>
        <orderdate>1997-03-31T00:00:00</orderdate>
        <total>3163.20</total>
      </order>
      <order>
        <id>10498</id>
        <orderdate>1997-04-07T00:00:00</orderdate>
        <total>575.00</total>
      </order>
      <order>
        <id>10552</id>
        <orderdate>1997-05-29T00:00:00</orderdate>
        <total>880.50</total>
      </order>
      <order>
        <id>10601</id>
        <orderdate>1997-07-16T00:00:00</orderdate>
        <total>2285.00</total>
      </order>
      <order>
        <id>10613</id>
        <orderdate>1997-07-29T00:00:00</orderdate>
        <total>353.20</total>
      </order>
      <order>
        <id>10641</id>
        <orderdate>1997-08-22T00:00:00</orderdate>
        <total>2054.00</total>
      </order>
      <order>
        <id>10705</id>
        <orderdate>1997-10-15T00:00:00</orderdate>
        <total>378.00</total>
      </order>
      <order>
        <id>10796</id>
        <orderdate>1997-12-25T00:00:00</orderdate>
        <total>2341.36</total>
      </order>
      <order>
        <id>10863</id>
        <orderdate>1998-02-02T00:00:00</orderdate>
        <total>441.15</total>
      </order>
      <order>
        <id>10901</id>
        <orderdate>1998-02-23T00:00:00</orderdate>
        <total>934.50</total>
      </order>
      <order>
        <id>10957</id>
        <orderdate>1998-03-18T00:00:00</orderdate>
        <total>1762.70</total>
      </order>
      <order>
        <id>10960</id>
        <orderdate>1998-03-19T00:00:00</orderdate>
        <total>265.35</total>
      </order>
      <order>
        <id>10976</id>
        <orderdate>1998-03-25T00:00:00</orderdate>
        <total>912.00</total>
      </order>
      <order>
        <id>11055</id>
        <orderdate>1998-04-28T00:00:00</orderdate>
        <total>1727.50</total>
      </order>
    </orders>
  </customer>
  <customer>
    <id>HUNGC</id>
    <name>Hungry Coyote Import Store</name>
    <address>City Center Plaza, 516 Main St.</address>
    <city>Elgin</city>
    <region>OR</region>
    <postalcode>97827</postalcode>
    <country>USA</country>
    <phone>(503) 555-6874</phone>
    <fax>(503) 555-2376</fax>
    <orders>
      <order>
        <id>10375</id>
        <orderdate>1996-12-06T00:00:00</orderdate>
        <total>338.00</total>
      </order>
      <order>
        <id>10394</id>
        <orderdate>1996-12-25T00:00:00</orderdate>
        <total>442.00</total>
      </order>
      <order>
        <id>10415</id>
        <orderdate>1997-01-15T00:00:00</orderdate>
        <total>102.40</total>
      </order>
      <order>
        <id>10600</id>
        <orderdate>1997-07-16T00:00:00</orderdate>
        <total>479.80</total>
      </order>
      <order>
        <id>10660</id>
        <orderdate>1997-09-08T00:00:00</orderdate>
        <total>1701.00</total>
      </order>
    </orders>
  </customer>
  <customer>
    <id>HUNGO</id>
    <name>Hungry Owl All-Night Grocers</name>
    <address>8 Johnstown Road</address>
    <city>Cork</city>
    <region>Co. Cork</region>
    <country>Ireland</country>
    <phone>2967 542</phone>
    <fax>2967 3333</fax>
    <orders>
      <order>
        <id>10298</id>
        <orderdate>1996-09-05T00:00:00</orderdate>
        <total>2645.00</total>
      </order>
      <order>
        <id>10309</id>
        <orderdate>1996-09-19T00:00:00</orderdate>
        <total>1762.00</total>
      </order>
      <order>
        <id>10335</id>
        <orderdate>1996-10-22T00:00:00</orderdate>
        <total>2036.16</total>
      </order>
      <order>
        <id>10373</id>
        <orderdate>1996-12-05T00:00:00</orderdate>
        <total>1366.40</total>
      </order>
      <order>
        <id>10380</id>
        <orderdate>1996-12-12T00:00:00</orderdate>
        <total>1313.82</total>
      </order>
      <order>
        <id>10429</id>
        <orderdate>1997-01-29T00:00:00</orderdate>
        <total>1441.38</total>
      </order>
      <order>
        <id>10503</id>
        <orderdate>1997-04-11T00:00:00</orderdate>
        <total>2048.50</total>
      </order>
      <order>
        <id>10516</id>
        <orderdate>1997-04-24T00:00:00</orderdate>
        <total>2381.05</total>
      </order>
      <order>
        <id>10567</id>
        <orderdate>1997-06-12T00:00:00</orderdate>
        <total>2519.00</total>
      </order>
      <order>
        <id>10646</id>
        <orderdate>1997-08-27T00:00:00</orderdate>
        <total>1446.00</total>
      </order>
      <order>
        <id>10661</id>
        <orderdate>1997-09-09T00:00:00</orderdate>
        <total>562.60</total>
      </order>
      <order>
        <id>10687</id>
        <orderdate>1997-09-30T00:00:00</orderdate>
        <total>4960.90</total>
      </order>
      <order>
        <id>10701</id>
        <orderdate>1997-10-13T00:00:00</orderdate>
        <total>2864.50</total>
      </order>
      <order>
        <id>10712</id>
        <orderdate>1997-10-21T00:00:00</orderdate>
        <total>1233.48</total>
      </order>
      <order>
        <id>10736</id>
        <orderdate>1997-11-11T00:00:00</orderdate>
        <total>997.00</total>
      </order>
      <order>
        <id>10897</id>
        <orderdate>1998-02-19T00:00:00</orderdate>
        <total>10835.24</total>
      </order>
    </orders>
  </customer>
</customers>
  
     
       
